release_tag,total_downloads,asset_name,size_bytes,last_updated
v1.1.4,21,iocmon.sh,247832,2026-10-10T05:03:16Z
v1.1.0,42,iocmon.sh,240158,2026-10-10T05:03:16Z
v1.0.1,85,iocmon.sh,215220,2026-10-10T05:03:16Z
v1.0.0,36,iocmon.sh,214991,2026-10-10T05:03:16Z
v0.6.7,8,iocmon.sh,215002,2026-10-10T05:03:16Z
v0.6.6,2,iocmon.sh,214764,2026-10-10T05:03:16Z
v0.6.1,0,iocmon-0.6.1.sh,210164,2026-10-10T05:03:16Z
v0.5.3,0,no assets,0,2026-10-10T05:03:16Z
v0.4.7,0,no assets,0,2026-10-10T05:03:16Z
v0.4.3,0,no assets,0,2026-10-10T05:03:16Z
